{
    "num_partitions": 1,
    "random_state": 42,
    "num_trials": 10,
    "fit_time": 48.73971939086914,
    "score": 0.6482897774494413
}