{
    "num_partitions": 1,
    "random_state": 42,
    "num_trials": 10,
    "fit_time": 52.039679527282715,
    "score": 0.7223442760942762
}