{
    "num_partitions": 1,
    "random_state": 42,
    "num_trials": 10,
    "fit_time": 59.657721281051636,
    "score": 0.6933851694523963
}