{
    "num_partitions": 1,
    "random_state": 42,
    "num_trials": 10,
    "fit_time": 91.2892553806305,
    "score": 0.7556456228956229
}