nf54_ic50_72h_1um,nf54_50percinh_ldh,nf54_50percinh_lum
0.16565661826412423,0.046880083209571335,0.05169499
0.1583095161327957,0.04021533050005944,0.019715175
0.07355718670887874,0.004496550656722712,0.010016828
