{
    "num_partitions": 1,
    "random_state": 42,
    "num_trials": 10,
    "fit_time": 235.55481719970703,
    "score": 0.8351307576967812
}